"pitches","player_id","player_name","total_pitches","pitch_percent","ba","iso","babip","slg","woba","xwoba","xba","hits","abs","launch_speed","launch_angle","spin_rate","velocity","effective_speed","whiffs","swings","takes","eff_min_vel","release_extension","pos3_int_start_distance","pos4_int_start_distance","pos5_int_start_distance","pos6_int_start_distance","pos7_int_start_distance","pos8_int_start_distance","pos9_int_start_distance"
"363",640444,"Crowe, Wil","821","44.2","0.271","0.071","0.346","0.343","0.326","0.289","0.212","19","70","82.6","11.8","2234","88.9","89.32","45","159","204","0.4","6.55","103","149","113","147","305","323","299"
"346",642207,"Williams, Devin","540","64.1","0.145","0.016","0.290","0.161","0.231","0.266","0.180","9","62","84.0","6.7","2523","88.2","89.70","77","169","177","1.5","7.40","110","150","117","146","299","322","296"
"346",670280,"Bednar, David","566","61.1","0.197","0.145","0.283","0.342","0.275","0.270","0.193","15","76","88.8","16.1","2221","90.2","90.40","58","164","182","0.2","6.48","106","152","117","148","307","325","302"
"322",605347,"López, Jorge","580","55.5","0.165","0.089","0.214","0.253","0.210","0.244","0.195","13","79","86.9","-1.0","2086","92.5","92.52","43","157","165","0.0","6.32","106","155","112","149","309","323","296"
"307",641941,"Pagán, Emilio","498","61.6","0.250","0.304","0.294","0.554","0.401","0.403","0.277","14","56","89.9","12.2","2255","90.3","90.93","38","148","159","0.6","6.65","103","149","111","147","300","331","290"
"307",472610,"García, Luis","482","63.7","0.258","0.061","0.333","0.318","0.305","0.330","0.268","17","66","90.4","5.7","2062","91.6","91.86","41","133","174","0.3","6.59","112","154","115","150","295","327","305"
"304",554340,"Garcia, Yimi","437","69.6","0.234","0.172","0.245","0.406","0.308","0.295","0.241","15","64","85.3","17.2","2407","89.9","88.86","31","134","170","-1.0","5.73","108","165","124","149","297","320","297"
"296",606149,"Gallegos, Giovanny","504","58.7","0.200","0.169","0.233","0.369","0.269","0.290","0.213","13","65","89.0","27.2","2423","89.5","88.43","51","152","144","-1.1","5.77","111","154","115","148","298","323","299"
"296",453268,"Bard, Daniel","471","62.8","0.143","0.127","0.163","0.270","0.243","0.242","0.154","9","63","84.3","11.4","2650","93.4","93.30","37","130","166","-0.1","6.01","110","150","115","144","305","327","297"
"291",642397,"Soto, Gregory","508","57.3","0.204","0.111","0.250","0.315","0.286","0.366","0.245","11","54","93.0","18.1","2350","96.2","96.63","44","143","148","0.4","6.63","108","155","113","148","307","337","297"
"290",661395,"Duran, Jhoan","506","57.3","0.157","0.057","0.233","0.214","0.202","0.251","0.185","11","70","87.8","2.7","2189","95.4","95.27","52","167","123","-0.1","6.14","108","153","112","149","299","332","292"
"284",605447,"Romano, Jordan","468","60.7","0.243","0.129","0.300","0.371","0.304","0.377","0.309","17","70","94.5","12.7","2197","92.3","93.80","44","153","131","1.5","7.34","108","162","120","149","301","324","296"
"278",621242,"Díaz, Edwin","523","53.2","0.232","0.071","0.480","0.304","0.285","0.244","0.194","13","56","85.6","2.6","2299","94.2","93.78","58","131","147","-0.4","7.23","110","154","118","146","299","328","307"
"271",502202,"Boxberger, Brad","454","59.7","0.203","0.085","0.250","0.288","0.262","0.275","0.204","12","59","85.2","13.8","2132","89.0","87.90","23","111","160","-1.1","5.64","110","151","115","146","298","321","296"
"270",605280,"Holmes, Clay","524","51.5","0.222","0.048","0.280","0.270","0.251","0.234","0.200","14","63","87.7","-11.3","2280","94.9","94.26","38","146","124","-0.6","6.08","110","155","116","150","298","326","287"
"265",573124,"Rogers, Taylor","493","53.8","0.200","0.117","0.275","0.317","0.281","0.334","0.217","12","60","88.9","9.8","2476","87.2","86.11","40","121","144","-1.1","5.76","109","155","116","149","298","328","304"
"262",605130,"Barlow, Scott","581","45.1","0.153","0.169","0.150","0.322","0.236","0.262","0.181","9","59","84.4","16.6","2375","84.1","85.03","37","127","135","0.9","6.84","105","156","115","146","304","324","306"
"261",608717,"Stratton, Chris","573","45.5","0.297","0.203","0.348","0.500","0.363","0.351","0.272","19","64","88.4","9.1","2821","87.0","87.49","35","129","132","0.5","6.60","105","150","113","148","304","323","299"
"258",518617,"Diekman, Jake","519","49.7","0.163","0.070","0.240","0.233","0.281","0.315","0.187","7","43","87.2","16.4","2496","88.3","88.06","39","108","150","-0.2","6.37","111","153","116","149","293","328","293"
"257",502085,"Robertson, David","469","54.8","0.183","0.083","0.263","0.267","0.240","0.245","0.185","11","60","85.6","-1.9","2634","88.7","89.33","41","117","140","0.6","6.67","109","150","114","155","298","324","297"
"254",667427,"Jackson, Zach","578","43.9","0.186","0.023","0.320","0.209","0.287","0.379","0.236","8","43","87.6","15.6","2272","90.4","88.73","32","99","155","-1.7","5.26","108","152","113","145","298","316","295"
"253",621381,"Strahm, Matt","399","63.4","0.230","0.066","0.311","0.295","0.252","0.239","0.187","14","61","85.0","15.6","2374","90.7","90.55","33","135","118","-0.1","6.26","104","152","116","148","292","322","293"
"252",608665,"Graveman, Kendall","510","49.4","0.271","0.186","0.318","0.458","0.352","0.343","0.240","16","59","89.5","10.2","2223","93.3","93.41","28","114","138","0.1","6.37","107","149","109","144","297","327","300"
"251",643511,"Rogers, Tyler","552","45.5","0.269","0.119","0.288","0.388","0.308","0.280","0.239","18","67","83.3","-2.7","2106","78.1","76.65","19","125","126","-1.5","5.92","106","149","111","148","294","322","287"
"250",453178,"Kennedy, Ian","469","53.3","0.306","0.161","0.354","0.468","0.360","0.369","0.314","19","62","93.2","24.6","2418","91.9","91.99","23","131","119","0.1","6.58","107","149","121","146","303","324","296"
"249",592094,"Adam, Jason","452","55.1","0.127","0.036","0.189","0.164","0.190","0.228","0.155","7","55","85.7","12.4","2360","88.2","88.52","43","121","128","0.3","6.58","103","156","117","147","303","325","299"
"249",650633,"King, Michael","624","39.9","0.145","0.127","0.194","0.273","0.233","0.295","0.186","8","55","86.0","7.4","2493","91.0","90.77","46","114","135","-0.2","6.34","110","152","115","148","299","326","288"
"246",608349,"Knebel, Corey","546","45.1","0.292","0.250","0.324","0.542","0.415","0.392","0.279","14","48","90.6","15.4","2486","90.4","90.48","31","107","139","0.1","6.54","109","149","119","142","296","324","293"
"245",608678,"Leone, Dominic","453","54.1","0.271","0.119","0.349","0.390","0.323","0.307","0.255","16","59","87.7","13.2","2374","90.3","90.86","50","141","104","0.6","6.57","110","152","116","149","297","323","294"
"242",623149,"Sewald, Paul","436","55.5","0.182","0.200","0.189","0.382","0.270","0.268","0.202","10","55","87.5","19.3","2451","87.9","88.02","37","116","126","0.1","6.45","115","154","120","148","298","326","299"
"239",664854,"Helsley, Ryan","476","50.2","0.087","0.109","0.107","0.196","0.195","0.271","0.166","4","46","87.0","21.8","2559","94.2","94.74","40","118","121","0.5","6.70","109","155","117","148","300","323","298"
"238",656271,"Burke, Brock","604","39.4","0.200","0.160","0.257","0.360","0.294","0.345","0.269","10","50","89.5","17.3","2178","92.2","93.35","20","100","138","1.2","7.07","112","152","116","147","298","316","291"
"234",622253,"Tate, Dillon","537","43.6","0.220","0.051","0.265","0.271","0.259","0.352","0.274","13","59","87.9","8.9","1908","88.9","89.07","27","114","120","0.2","6.47","105","153","112","147","305","322","295"
"233",521230,"Hendriks, Liam","440","53.0","0.241","0.204","0.323","0.444","0.315","0.305","0.222","13","54","91.7","19.2","2278","94.3","95.56","45","117","116","1.3","7.08","108","148","108","146","299","323","300"
"233",605538,"Wisler, Matt","631","36.9","0.140","0.180","0.132","0.320","0.238","0.262","0.175","7","50","86.7","25.4","2423","80.5","79.51","23","102","131","-1.0","5.79","107","174","116","148","303","327","299"
"232",605242,"Fulmer, Michael","433","53.6","0.170","0.149","0.200","0.319","0.280","0.310","0.215","8","47","90.3","20.1","2242","90.8","91.31","22","93","139","0.5","6.55","109","160","116","148","305","332","299"
"231",606160,"Montero, Rafael","483","47.8","0.137","0.000","0.219","0.137","0.181","0.201","0.154","7","51","83.9","0.8","2235","94.2","93.86","33","108","123","-0.3","6.21","113","151","113","148","294","324","292"
"230",453343,"Melancon, Mark","425","54.1","0.356","0.102","0.408","0.458","0.390","0.367","0.320","21","59","91.5","9.1","2367","87.7","87.31","25","121","109","-0.4","6.26","107","147","116","147","301","322","297"
"229",605154,"Brebbia, John","543","42.2","0.188","0.063","0.273","0.250","0.236","0.265","0.211","9","48","86.2","20.9","2372","89.2","90.06","40","122","107","0.9","6.74","108","150","114","147","300","324","292"
"227",664208,"Maton, Phil","539","42.1","0.234","0.170","0.265","0.404","0.328","0.371","0.297","11","47","84.1","14.6","2663","83.1","84.19","34","110","117","1.1","7.13","111","150","117","147","295","322","293"
"226",666808,"Doval, Camilo","553","40.9","0.224","0.102","0.333","0.327","0.304","0.315","0.213","11","49","85.5","2.1","2506","92.0","92.75","35","98","128","0.7","6.56","106","148","111","147","296","322","294"
"223",650893,"Cabrera, Génesis","491","45.4","0.130","0.093","0.146","0.222","0.197","0.235","0.181","7","54","83.1","10.7","2144","90.6","90.13","25","108","115","-0.5","6.09","111","155","115","148","297","321","292"
"221",656557,"Houck, Tanner","734","30.1","0.149","0.170","0.192","0.319","0.246","0.262","0.202","7","47","89.4","5.3","2275","90.2","89.78","35","106","115","-0.4","6.17","114","157","114","151","295","325","295"
"221",621345,"Minter, A.J.","503","43.9","0.176","0.078","0.242","0.255","0.189","0.205","0.174","9","51","85.6","20.3","2385","92.8","92.86","35","113","108","0.1","6.24","109","152","116","149","308","332","296"
"220",680704,"Sandlin, Nick","361","60.9","0.162","0.000","0.188","0.162","0.286","0.328","0.210","6","37","80.0","7.4","2291","87.9","88.08","18","92","128","0.2","6.51","103","148","112","144","296","318","292"
"219",570663,"Robles, Hansel","404","54.2","0.260","0.260","0.256","0.520","0.369","0.401","0.294","13","50","93.2","12.7","2159","92.4","92.35","26","100","119","0.0","6.27","113","153","116","150","292","329","294"
"219",623352,"Hader, Josh","395","55.4","0.125","0.146","0.160","0.271","0.217","0.273","0.168","6","48","88.3","23.4","2124","92.2","92.77","45","103","116","0.6","6.75","109","150","119","147","304","326","298"
"218",501925,"Smith, Joe","362","60.2","0.245","0.163","0.268","0.408","0.331","0.352","0.259","12","49","87.9","-3.4","2023","83.1","83.24","20","105","113","0.1","6.56","103","150","112","144","298","331","290"
"217",519293,"Smith, Will","495","43.8","0.279","0.116","0.393","0.395","0.341","0.290","0.209","12","43","88.2","15.5","2191","84.3","84.14","38","103","114","-0.2","6.16","105","150","120","144","307","328","298"
"216",661383,"Ortega, Oliver","528","40.9","0.261","0.130","0.333","0.391","0.342","0.369","0.280","12","46","87.1","7.6","2301","90.7","89.88","23","101","115","-0.8","5.84","109","150","113","146","296","321","291"
"215",445276,"Jansen, Kenley","518","41.5","0.241","0.130","0.333","0.370","0.280","0.257","0.210","13","54","82.7","22.1","2470","91.4","91.80","28","105","110","0.4","6.97","111","151","122","145","305","333","302"
"214",475479,"Phelps, David","553","38.7","0.132","0.026","0.185","0.158","0.225","0.282","0.193","5","38","88.7","11.9","2401","88.1","86.31","21","90","124","-1.8","5.30","106","153","121","146","296","319","295"
"210",573204,"Thielbar, Caleb","512","41.0","0.182","0.114","0.259","0.295","0.263","0.223","0.148","8","44","82.2","24.9","2318","85.1","84.86","31","112","98","-0.2","6.27","108","152","115","147","297","325","286"
"209",642585,"Bautista, Félix","508","41.1","0.125","0.050","0.192","0.175","0.188","0.278","0.192","5","40","86.3","16.2","2053","93.8","94.18","33","103","106","0.4","6.51","106","155","114","149","309","324","295"
"208",669212,"Morgan, Eli","527","39.5","0.191","0.234","0.200","0.426","0.282","0.270","0.181","9","47","84.8","24.3","2227","86.1","85.37","30","112","96","-0.7","6.07","105","150","117","147","300","323","296"
"206",663574,"Santillan, Tony","408","50.5","0.317","0.098","0.371","0.415","0.359","0.307","0.254","13","41","86.2","22.5","2272","91.3","90.59","23","90","116","-0.7","6.00","108","148","116","144","289","318","289"
"206",517008,"Colomé, Alex","414","49.8","0.309","0.109","0.340","0.418","0.322","0.370","0.316","17","55","88.1","-2.7","2129","91.2","91.23","19","104","102","0.0","6.18","110","150","117","144","304","328","301"
"203",572193,"Tepera, Ryan","515","39.4","0.262","0.119","0.313","0.381","0.315","0.293","0.224","11","42","86.2","12.1","2123","89.5","89.39","25","89","114","-0.1","6.32","110","148","112","147","295","322","293"
"202",663158,"Suarez, Robert","399","50.6","0.171","0.098","0.231","0.268","0.263","0.313","0.210","7","41","86.6","13.4","2167","94.4","95.11","21","90","112","0.7","6.84","113","157","116","150","299","326","303"
"200",663986,"Stephan, Trevor","469","42.6","0.240","0.060","0.324","0.300","0.244","0.229","0.212","12","50","87.8","8.9","2095","91.7","91.65","34","114","86","-0.1","6.54","111","153","117","147","292","318","292"
"198",622554,"Domínguez, Seranthony","441","44.9","0.143","0.095","0.217","0.238","0.199","0.299","0.249","6","42","93.1","14.9","2282","95.2","95.04","37","100","98","-0.2","6.25","108","149","119","142","298","326","291"
"197",643256,"Cimber, Adam","466","42.3","0.240","0.140","0.238","0.380","0.273","0.332","0.301","12","50","88.4","11.5","2296","83.3","82.88","16","105","92","-0.4","6.34","102","160","118","148","290","316","293"
"197",640448,"Finnegan, Kyle","510","38.6","0.292","0.167","0.414","0.458","0.331","0.283","0.244","14","48","89.4","11.4","1980","94.6","95.10","33","91","105","0.5","6.59","113","154","115","146","306","322","298"
"195",621051,"Wilson, Steven","432","45.1","0.200","0.175","0.231","0.375","0.312","0.381","0.255","8","40","86.3","22.6","2483","89.8","90.44","27","85","110","0.6","6.82","116","161","118","149","297","321","299"
"195",592858,"Wick, Rowan","577","33.8","0.289","0.156","0.353","0.444","0.332","0.334","0.270","13","45","90.2","16.6","2296","89.7","90.01","25","99","96","0.3","6.66","101","144","111","148","297","322","298"
"195",669211,"Akin, Keegan","654","29.8","0.093","0.093","0.103","0.186","0.189","0.278","0.192","4","43","85.5","7.2","2199","89.0","88.29","25","85","110","-0.7","5.91","108","157","118","150","304","322","295"
"194",661403,"Clase, Emmanuel","418","46.4","0.167","0.033","0.217","0.200","0.169","0.210","0.205","10","60","81.4","-2.6","2577","97.3","97.88","31","125","69","0.6","6.47","110","148","117","147","295","318","290"
"194",518489,"Brasier, Ryan","464","41.8","0.341","0.317","0.379","0.659","0.424","0.403","0.310","14","41","90.0","5.5","2299","90.5","91.27","21","98","96","0.8","6.79","111","156","117","150","295","329","294"
"194",595345,"Okert, Steven","468","41.5","0.171","0.200","0.211","0.371","0.308","0.259","0.151","6","35","84.9","29.0","2423","85.1","84.89","30","92","102","-0.2","6.33","103","152","121","149","305","330","300"
"191",593576,"Neris, Héctor","498","38.4","0.222","0.089","0.323","0.311","0.260","0.269","0.206","10","45","91.4","15.8","1973","91.2","90.86","29","94","97","-0.3","6.24","112","156","116","148","295","326","291"
"189",656945,"Scott, Tanner","580","32.6","0.321","0.250","0.538","0.571","0.452","0.344","0.200","9","28","87.6","22.1","2694","91.7","91.04","28","86","103","-0.7","6.25","102","149","119","149","308","327","295"
"189",571710,"Givens, Mychal","520","36.3","0.200","0.114","0.250","0.314","0.311","0.387","0.243","7","35","88.1","18.3","2407","88.7","87.66","22","76","113","-1.0","6.37","106","154","116","151","301","326","298"
"188",622098,"Smith, Drew","540","34.8","0.225","0.250","0.240","0.475","0.348","0.421","0.268","9","40","91.1","23.2","2652","89.7","88.82","28","84","104","-0.9","5.86","105","158","119","146","298","328","301"
"187",542914,"Bass, Anthony","439","42.6","0.184","0.122","0.237","0.306","0.236","0.260","0.219","9","49","85.8","25.7","2097","89.9","90.05","24","89","98","0.2","6.36","102","151","116","149","299","322","294"
"186",519043,"Moore, Matt","608","30.6","0.179","0.000","0.318","0.179","0.197","0.244","0.188","7","39","84.3","15.6","2373","88.2","87.89","32","97","89","-0.3","6.24","109","154","120","148","301","323","296"
"185",543339,"Hudson, Daniel","406","45.6","0.184","0.132","0.240","0.316","0.259","0.277","0.209","7","38","84.2","10.2","2428","92.9","92.86","24","87","98","0.0","6.35","110","153","120","149","296","321","296"
"184",663432,"Rainey, Tanner","444","41.4","0.293","0.098","0.344","0.390","0.333","0.375","0.296","12","41","91.2","23.4","2432","94.6","94.03","27","93","91","-0.6","6.39","106","151","113","146","307","323","301"
"184",456713,"Bush, Matt","414","44.4","0.238","0.167","0.333","0.405","0.329","0.298","0.215","10","42","88.6","15.4","2516","91.3","90.67","24","76","108","-0.6","6.06","110","153","118","149","297","320","297"
"183",598287,"Ramirez, Noé","527","34.7","0.195","0.122","0.292","0.317","0.257","0.215","0.160","8","41","88.0","19.0","2242","83.8","82.90","35","91","91","-0.9","6.02","107","150","119","146","303","325","298"
"183",660813,"Graterol, Brusdar","483","37.9","0.205","0.250","0.219","0.455","0.316","0.352","0.257","9","44","85.3","3.4","2208","96.7","95.97","19","98","85","-0.7","5.85","109","150","115","149","297","318","292"
"181",676092,"Snider, Collin","367","49.3","0.326","0.116","0.351","0.442","0.356","0.359","0.319","14","43","87.8","8.6","2522","91.0","90.83","16","80","101","-0.2","6.14","105","151","116","144","301","320","295"
"180",656638,"Lange, Alex","466","38.6","0.289","0.089","0.394","0.378","0.342","0.312","0.234","13","45","88.1","3.8","2079","90.3","90.49","28","71","109","0.2","6.49","103","152","114","145","307","330","295"
"177",622251,"Staumont, Josh","488","36.3","0.257","0.057","0.333","0.314","0.299","0.334","0.253","9","35","86.2","23.7","2409","91.4","91.74","27","89","88","0.3","6.61","105","152","116","145","300","323","303"
"177",548384,"Raley, Brooks","400","44.3","0.116","0.000","0.179","0.116","0.166","0.246","0.183","5","43","85.1","13.1","2486","85.7","84.43","28","85","92","-1.3","5.70","99","154","110","146","303","325","299"
"177",543272,"Hand, Brad","454","39.0","0.212","0.030","0.333","0.242","0.296","0.310","0.196","7","33","84.0","6.1","2298","85.5","84.19","14","63","114","-1.3","5.62","109","149","118","141","296","324","290"
"176",666204,"Jiménez, Dany","412","42.7","0.237","0.079","0.333","0.316","0.294","0.288","0.205","9","38","83.9","7.2","2298","85.7","84.90","27","66","110","-0.8","5.78","108","151","121","145","298","318","294"
"175",642528,"Loáisiga, Jonathan","279","62.7","0.205","0.077","0.269","0.282","0.266","0.317","0.250","8","39","87.3","10.9","2332","93.7","93.74","28","85","90","0.0","6.43","111","152","116","149","303","331","290"
"174",642758,"Acevedo, Domingo","526","33.1","0.222","0.244","0.242","0.467","0.299","0.267","0.228","10","45","83.7","13.2","2014","88.9","87.99","29","99","75","-0.9","5.79","113","151","116","146","297","319","296"
"174",670167,"Schreiber, John","377","46.2","0.154","0.026","0.250","0.179","0.197","0.240","0.175","6","39","88.7","-1.2","2305","89.3","89.76","31","88","86","0.5","6.63","108","152","117","150","291","325","294"
"173",642701,"Santana, Dennis","425","40.7","0.250","0.136","0.282","0.386","0.293","0.312","0.267","11","44","86.9","8.9","2466","90.7","90.14","22","83","90","-0.6","5.97","104","151","119","146","302","321","295"
"173",662253,"Muñoz, Andrés","499","34.7","0.297","0.405","0.316","0.703","0.450","0.400","0.273","11","37","88.1","12.7","2218","91.8","92.12","39","94","79","0.3","6.48","113","150","121","146","291","324","297"
"171",622503,"Crismatt, Nabil","546","31.3","0.217","0.130","0.257","0.348","0.261","0.322","0.274","10","46","86.5","6.6","1886","82.2","83.31","20","78","93","1.1","7.14","112","164","117","149","294","322","301"
"170",664747,"Díaz, Alexis","522","32.6","0.086","0.029","0.158","0.114","0.159","0.241","0.143","3","35","88.8","23.5","2681","93.3","95.39","34","85","85","2.1","7.43","114","149","117","147","289","319","292"
"168",607625,"Lugo, Seth","484","34.7","0.250","0.250","0.304","0.500","0.347","0.374","0.281","9","36","87.2","10.3","2679","88.0","86.91","18","72","96","-1.1","5.82","111","156","117","147","302","327","305"
"167",607481,"Bummer, Aaron","317","52.7","0.226","0.129","0.316","0.355","0.333","0.316","0.219","7","31","88.7","0.7","2218","89.5","89.49","19","65","102","0.0","6.40","102","144","104","141","295","323","298"
"167",681911,"Vesia, Alex","455","36.7","0.161","0.000","0.294","0.161","0.213","0.226","0.154","5","31","83.1","27.5","2280","89.7","90.03","30","78","89","0.3","6.46","104","154","117","148","298","317","290"
"167",573009,"Mantiply, Joe","411","40.6","0.310","0.071","0.375","0.381","0.312","0.245","0.227","13","42","88.1","5.8","2095","85.2","85.00","24","88","79","-0.2","6.42","108","150","115","147","300","319","296"
"165",664199,"Clarke, Taylor","592","27.9","0.278","0.222","0.276","0.500","0.315","0.326","0.277","10","36","88.5","22.9","2051","92.1","91.92","22","86","79","-0.2","6.17","107","154","113","148","303","322","301"
"165",643377,"Jax, Griffin","595","27.7","0.162","0.081","0.231","0.243","0.195","0.235","0.216","6","37","83.6","5.7","2470","89.3","88.54","22","82","83","-0.8","5.83","111","158","115","150","299","325","287"
"165",621363,"Poche, Colin","354","46.6","0.103","0.000","0.133","0.103","0.168","0.257","0.180","4","39","82.5","25.0","2331","90.9","92.11","26","92","73","1.2","7.24","105","155","112","149","307","329","294"
"164",519151,"Pressly, Ryan","307","53.4","0.286","0.167","0.313","0.452","0.350","0.361","0.280","12","42","87.8","5.5","2777","88.6","88.33","29","84","80","-0.3","6.17","108","148","109","147","295","326","296"
"163",641835,"Mayza, Tim","297","54.9","0.262","0.095","0.357","0.357","0.314","0.347","0.296","11","42","88.1","-9.0","2034","93.0","92.82","13","65","98","-0.2","6.31","106","149","121","148","298","318","293"
"162",641329,"Baker, Bryan","567","28.6","0.364","0.182","0.458","0.545","0.423","0.411","0.367","12","33","89.5","6.6","2306","90.1","90.50","19","70","92","0.4","6.51","107","151","108","146","310","320","291"
"162",656420,"Feyereisen, J.P.","344","47.1","0.135","0.000","0.179","0.135","0.162","0.286","0.226","5","37","91.6","21.4","2162","88.0","87.07","19","75","87","-0.9","5.80","109","164","112","150","305","328","298"
"159",667463,"King, John","482","33.0","0.388","0.163","0.436","0.551","0.407","0.410","0.348","19","49","91.6","4.2","2172","86.6","85.88","19","85","74","-0.7","5.96","110","152","114","146","301","319","293"
"157",641755,"Kinley, Tyler","376","41.8","0.231","0.051","0.310","0.282","0.235","0.228","0.200","9","39","87.9","11.7","2356","91.8","91.13","28","89","68","-0.7","5.61","111","153","116","147","300","327","301"
"157",612434,"Castro, Miguel","450","34.9","0.226","0.097","0.318","0.323","0.299","0.238","0.175","7","31","84.1","21.9","2361","91.4","90.61","29","70","87","-0.8","6.63","107","152","116","149","301","326","287"
"156",493603,"Ottavino, Adam","495","31.5","0.167","0.250","0.136","0.417","0.290","0.397","0.296","6","36","86.1","11.6","2524","87.7","87.76","24","67","89","0.1","6.83","108","151","116","143","300","325","301"
"155",623465,"Phillips, Evan","448","34.6","0.243","0.054","0.310","0.297","0.247","0.269","0.205","9","37","85.7","10.8","2456","89.8","90.09","16","75","80","0.3","6.41","102","152","116","148","295","316","293"
"154",605218,"Edwards Jr., Carl","426","36.2","0.179","0.036","0.227","0.214","0.256","0.246","0.169","5","28","85.9","8.5","2286","90.7","89.64","21","76","78","-1.1","6.74","113","154","117","147","305","320","301"
"153",518886,"Kimbrel, Craig","479","31.9","0.258","0.097","0.444","0.355","0.313","0.266","0.201","8","31","87.3","9.6","2385","92.4","92.91","25","67","86","0.5","6.66","109","152","117","150","298","320","295"
"152",657376,"Schmidt, Clarke","381","39.9","0.121","0.121","0.125","0.242","0.226","0.303","0.208","4","33","88.3","7.9","2620","88.5","88.05","25","73","79","-0.5","6.01","110","149","114","151","293","322","282"
"151",657044,"Thompson, Ryan","440","34.3","0.300","0.200","0.318","0.500","0.402","0.345","0.244","9","30","80.5","10.3","2054","84.9","85.10","12","61","90","0.2","6.70","109","153","111","148","305","327","296"
"150",669467,"Pallante, Andre","880","17.0","0.258","0.194","0.286","0.452","0.358","0.310","0.232","8","31","90.2","-9.1","2396","89.9","90.43","15","55","95","0.5","6.59","111","153","113","148","300","326","297"
"150",543521,"McHugh, Collin","538","27.9","0.207","0.034","0.300","0.241","0.235","0.354","0.287","6","29","89.4","10.0","2623","84.9","84.93","22","67","83","0.0","6.56","106","150","121","145","305","329","297"
"150",552640,"Kittredge, Andrew","233","64.4","0.217","0.217","0.194","0.435","0.295","0.306","0.244","10","46","88.6","11.8","2512","92.5","92.71","22","85","65","0.2","6.48","110","154","112","149","303","325","301"
"149",596071,"Peters, Dillon","405","36.8","0.107","0.000","0.143","0.107","0.263","0.340","0.212","3","28","84.7","6.4","2156","88.8","88.68","15","54","95","-0.1","6.23","103","154","117","149","305","323","301"
"149",650895,"Castillo, Diego","440","33.9","0.086","0.086","0.105","0.171","0.123","0.227","0.170","3","35","84.4","12.9","2120","90.8","89.53","30","83","66","-1.3","5.28","115","149","117","146","295","321","294"
"147",594580,"Moll, Sam","388","37.9","0.258","0.000","0.381","0.258","0.273","0.221","0.173","8","31","82.9","9.1","2934","85.3","82.75","16","60","87","-2.5","4.65","106","147","118","145","294","315","291"
"145",592773,"Stanek, Ryne","401","36.2","0.276","0.069","0.421","0.345","0.322","0.266","0.207","8","29","89.9","13.0","2108","95.0","94.43","25","68","77","-0.6","6.06","107","152","113","147","299","325","290"
"145",642152,"Trivino, Lou","438","33.1","0.333","0.182","0.476","0.515","0.392","0.349","0.275","11","33","88.7","23.1","2065","92.0","92.14","20","73","72","0.1","6.37","109","151","112","146","298","322","297"
"144",669395,"Coleman, Dylan","607","23.7","0.045","0.000","0.067","0.045","0.198","0.389","0.222","1","22","90.8","18.3","2453","92.4","93.23","14","61","83","0.8","6.65","102","149","112","145","301","319","297"
"143",628452,"Iglesias, Raisel","396","36.1","0.265","0.265","0.300","0.529","0.376","0.442","0.292","9","34","86.4","17.6","2280","90.5","90.28","29","77","66","-0.2","6.20","118","154","113","154","296","324","295"
"140",571901,"Loup, Aaron","488","28.7","0.324","0.176","0.417","0.500","0.383","0.372","0.313","11","34","90.8","8.2","2215","88.1","87.26","20","71","69","-0.8","5.98","104","148","114","149","296","325","293"
"138",623474,"Herget, Jimmy","557","24.8","0.125","0.125","0.136","0.250","0.191","0.245","0.211","4","32","88.4","20.7","2482","84.4","82.43","12","57","81","-2.0","5.07","118","152","116","153","296","320","292"
"136",672335,"Pérez, Cionel","398","34.2","0.216","0.000","0.286","0.216","0.199","0.335","0.297","8","37","86.8","10.6","2386","91.8","91.00","18","68","68","-0.8","5.80","106","155","111","147","304","319","292"
"133",593974,"Peralta, Wandy","422","31.5","0.147","0.118","0.138","0.265","0.218","0.308","0.243","5","34","88.2","14.4","2183","90.7","89.77","18","65","68","-0.9","5.86","103","150","118","148","299","327","282"
"133",621237,"Alvarado, José","386","34.5","0.320","0.080","0.444","0.400","0.353","0.336","0.283","8","25","90.3","0.2","2197","96.7","97.38","21","55","78","0.7","6.82","105","147","114","139","296","324","287"
"133",625643,"López, Reynaldo","553","24.1","0.323","0.194","0.435","0.516","0.377","0.408","0.351","10","31","85.6","19.2","2179","91.0","91.18","13","63","70","0.2","6.43","103","146","110","145","297","323","297"
"132",664123,"Effross, Scott","475","27.8","0.200","0.000","0.292","0.200","0.199","0.215","0.179","7","35","84.5","16.3","2318","84.3","83.19","18","66","66","-1.1","5.90","105","149","113","152","298","326","294"
"132",670950,"Richards, Trevor","511","25.8","0.154","0.038","0.222","0.192","0.252","0.292","0.188","4","26","87.6","7.4","2288","88.0","87.88","21","53","79","-0.1","6.35","111","161","120","151","292","322","299"
"131",544727,"Familia, Jeurys","476","27.5","0.258","0.226","0.273","0.484","0.339","0.306","0.236","8","31","90.0","10.5","2150","94.2","93.63","16","66","65","-0.6","5.85","106","150","123","142","299","328","295"
"130",669618,"Barlow, Joe","390","33.3","0.148","0.296","0.111","0.444","0.272","0.320","0.196","4","27","90.3","26.4","2307","89.5","89.02","24","68","62","-0.5","5.95","108","153","117","148","304","325","298"
"129",607216,"Krehbiel, Joey","429","30.1","0.296","0.259","0.316","0.556","0.393","0.399","0.281","8","27","89.4","11.0","2034","86.6","86.53","13","46","83","-0.1","6.18","105","157","112","148","307","323","295"
"127",669622,"Bender, Anthony","215","59.1","0.382","0.265","0.435","0.647","0.475","0.441","0.315","13","34","88.1","1.9","2308","92.6","91.60","16","53","74","-1.0","5.85","99","145","115","145","305","324","299"
"124",641793,"Littell, Zack","469","26.4","0.321","0.250","0.333","0.571","0.394","0.327","0.269","9","28","83.8","8.3","2104","91.1","91.33","13","68","56","0.2","6.46","107","151","115","148","298","324","290"
"123",643338,"Green, Chad","241","51.0","0.323","0.161","0.391","0.484","0.367","0.365","0.282","10","31","90.4","23.7","2400","91.1","91.31","20","72","51","0.2","6.63","105","160","116","150","302","326","289"
"122",608716,"Steckenrider, Drew","286","42.7","0.345","0.345","0.364","0.690","0.446","0.505","0.382","10","29","89.7","28.3","2176","91.3","90.71","15","70","52","-0.6","6.00","108","150","118","145","302","324","297"
"122",656354,"Davis, Austin","514","23.7","0.154","0.115","0.200","0.269","0.234","0.225","0.139","4","26","87.9","29.4","2234","87.0","86.78","17","48","74","-0.2","6.29","109","158","115","152","291","329","295"
"120",543766,"Shaw, Bryan","394","30.5","0.217","0.174","0.211","0.391","0.337","0.494","0.360","5","23","95.1","4.7","2301","90.0","89.60","12","57","63","-0.4","5.76","108","154","122","149","304","328","300"
"120",503449,"Peralta, Wily","546","22.0","0.136","0.000","0.167","0.136","0.201","0.301","0.244","3","22","89.5","5.2","1802","90.0","89.22","10","59","61","-0.8","5.77","108","155","116","154","309","327","290"
"119",669459,"Nelson, Kyle","366","32.5","0.143","0.071","0.182","0.214","0.221","0.288","0.205","4","28","83.4","7.1","2420","86.8","86.00","18","55","64","-0.8","5.88","107","150","112","147","300","322","302"
"116",605521,"Warren, Art","448","25.9","0.333","0.333","0.350","0.667","0.473","0.393","0.257","9","27","88.8","18.4","2414","89.4","89.49","12","46","70","0.1","6.38","112","149","114","145","290","320","291"
"112",596057,"Norris, Daniel","520","21.5","0.250","0.450","0.222","0.700","0.458","0.395","0.217","5","20","90.1","16.6","2111","87.5","86.55","12","39","73","-0.9","5.85","104","150","114","150","294","315","293"
"112",571800,"Hutchison, Drew","392","28.6","0.250","0.200","0.286","0.450","0.401","0.364","0.228","5","20","88.0","14.5","2312","89.7","89.22","11","48","64","-0.5","6.03","109","152","114","147","299","326","298"
"109",676596,"Fleming, Josh","355","30.7","0.227","0.091","0.227","0.318","0.308","0.315","0.239","5","22","87.2","0.9","1859","86.4","86.30","7","44","65","-0.1","6.40","103","150","110","146","300","318","292"
"109",605525,"Wendelken, J.B.","467","23.3","0.227","0.182","0.250","0.409","0.336","0.425","0.310","5","22","95.3","8.4","2305","91.2","90.89","9","42","67","-0.3","6.25","107","152","119","147","307","326","301"
"109",459429,"McGee, Jake","326","33.4","0.192","0.154","0.190","0.346","0.247","0.418","0.319","5","26","90.2","18.7","2070","93.2","92.51","13","58","51","-0.7","5.99","109","151","113","148","296","318","286"
"107",476595,"Luetge, Lucas","394","27.2","0.345","0.138","0.429","0.483","0.370","0.321","0.287","10","29","90.7","11.6","2623","83.6","83.78","12","51","56","0.2","6.35","103","149","113","146","301","327","288"
"105",547973,"Chapman, Aroldis","262","40.1","0.261","0.174","0.263","0.435","0.344","0.360","0.232","6","23","89.4","24.7","2143","92.9","94.02","11","45","60","1.1","7.16","107","150","116","147","304","330","287"
"105",523260,"Kelly, Joe","198","53.0","0.182","0.045","0.267","0.227","0.273","0.297","0.218","4","22","78.4","-7.7","2330","92.8","92.28","11","40","65","-0.5","5.88","108","151","109","147","303","327","299"
"103",608648,"Duffey, Tyler","530","19.4","0.370","0.407","0.400","0.778","0.492","0.432","0.363","10","27","93.8","8.0","2409","87.8","87.82","11","53","50","0.0","6.32","106","153","111","145","297","329","291"
"102",570257,"Rodríguez, Joely","397","25.7","0.217","0.043","0.294","0.261","0.264","0.236","0.162","5","23","74.7","11.6","1645","90.7","90.57","17","52","50","-0.1","6.33","107","151","113","145","295","327","305"
"102",455119,"Martin, Chris","383","26.6","0.259","0.111","0.318","0.370","0.262","0.243","0.225","7","27","86.3","12.9","2132","92.1","92.40","8","51","51","0.3","6.51","108","149","113","154","298","325","298"
"101",571948,"Milner, Hoby","493","20.5","0.130","0.000","0.158","0.130","0.175","0.271","0.249","3","23","82.3","2.7","1932","84.7","84.81","8","43","58","0.1","6.59","108","152","118","147","292","316","295"
"101",641394,"Brentz, Jake","160","63.1","0.333","0.000","0.571","0.333","0.465","0.428","0.249","4","12","75.0","17.1","2219","92.4","93.26","10","30","71","0.9","6.67","101","147","111","142","300","318","296"
"100",642121,"Sulser, Cole","405","24.7","0.391","0.348","0.412","0.739","0.506","0.457","0.359","9","23","92.7","4.7","1920","86.5","87.29","14","53","47","0.8","6.72","98","149","117","148","303","328","304"
"98",621249,"Underwood Jr., Duane","275","35.6","0.208","0.000","0.263","0.208","0.257","0.297","0.249","5","24","83.4","-5.5","2004","92.6","92.82","11","42","56","0.2","6.52","106","149","117","150","306","326","303"
"95",657024,"Swanson, Erik","367","25.9","0.182","0.182","0.300","0.364","0.232","0.332","0.285","4","22","90.4","20.0","2043","89.7","90.26","21","53","42","0.6","6.69","115","152","116","149","297","319","289"
"94",624522,"Thompson, Keegan","1029","9.1","0.217","0.043","0.357","0.261","0.247","0.217","0.189","5","23","83.1","3.4","2484","89.7","89.62","17","49","45","-0.1","6.28","108","150","113","152","294","319","292"
"94",660853,"De Los Santos, Enyel","383","24.5","0.167","0.111","0.273","0.278","0.239","0.240","0.135","3","18","78.9","14.6","2154","92.2","91.55","9","51","43","-0.6","5.89","112","158","120","150","299","319","293"
"94",519326,"Strickland, Hunter","497","18.9","0.304","0.217","0.375","0.522","0.380","0.433","0.365","7","23","91.7","20.9","2542","92.0","91.52","16","50","44","-0.5","6.05","108","143","109","144","288","319","291"
"94",572403,"VerHagen, Drew","383","24.5","0.222","0.167","0.214","0.389","0.342","0.396","0.279","4","18","80.0","12.9","2127","89.3","88.90","13","42","52","-0.4","6.08","115","153","114","147","295","320","298"
"93",663436,"Martin, Davis","353","26.3","0.300","0.350","0.308","0.650","0.429","0.381","0.248","6","20","86.7","13.9","2444","87.7","88.04","12","43","50","0.3","6.49","110","151","114","146","296","327","302"
"92",621389,"Blach, Ty","559","16.5","0.261","0.435","0.188","0.696","0.397","0.374","0.268","6","23","92.0","13.8","2156","86.3","84.87","12","49","43","-1.4","5.23","110","148","115","144","302","335","301"
"91",608718,"Suter, Brent","497","18.3","0.263","0.368","0.250","0.632","0.420","0.369","0.264","5","19","87.1","-0.7","2025","85.1","86.64","9","43","48","1.5","7.18","105","146","116","142","294","316","293"
"91",542888,"Armstrong, Shawn","341","26.7","0.294","0.412","0.300","0.706","0.463","0.375","0.215","5","17","89.6","20.8","2301","93.9","94.40","11","46","45","0.5","6.67","111","158","112","152","305","328","298"
"89",570666,"Cessa, Luis","470","18.9","0.261","0.174","0.294","0.435","0.344","0.414","0.313","6","23","94.2","10.6","2194","87.3","86.45","14","45","44","-0.8","5.69","107","147","112","145","293","320","291"
"87",663423,"Thornton, Trent","485","17.9","0.346","0.154","0.364","0.500","0.365","0.403","0.341","9","26","88.6","14.2","2762","86.7","86.27","6","46","41","-0.4","6.10","104","164","122","148","289","319","298"
"87",605177,"Chafin, Andrew","323","26.9","0.182","0.000","0.235","0.182","0.217","0.299","0.218","4","22","89.7","21.7","2212","87.6","87.63","17","45","42","0.0","6.47","101","153","106","145","297","325","295"
"86",656685,"Martin, Brett","361","23.8","0.500","0.273","0.526","0.773","0.565","0.499","0.428","11","22","89.7","7.1","2172","88.7","88.81","12","51","35","0.1","6.42","108","152","115","149","293","319","295"
"86",641627,"Gott, Trevor","362","23.8","0.304","0.348","0.313","0.652","0.418","0.313","0.219","7","23","88.3","19.9","2184","92.1","91.54","15","48","38","-0.6","6.10","105","153","114","147","298","320","299"
"86",675911,"Strider, Spencer","927","9.3","0.313","0.063","0.556","0.375","0.362","0.350","0.289","5","16","93.9","9.6","2326","95.9","95.82","19","44","42","-0.1","6.88","105","151","117","150","307","329","292"
"85",592741,"Shreve, Chasen","469","18.1","0.263","0.316","0.250","0.579","0.389","0.419","0.278","5","19","88.7","2.9","1873","86.2","86.02","12","37","48","-0.2","6.31","113","154","118","146","295","325","302"
"84",676710,"Crawford, Kutter","398","21.1","0.286","0.048","0.462","0.333","0.271","0.428","0.348","6","21","101.2","16.4","2194","91.0","90.37","16","42","42","-0.6","6.15","113","156","117","150","299","330","294"
"82",608032,"Estévez, Carlos","491","16.7","0.273","0.545","0.143","0.818","0.531","0.519","0.330","3","11","88.4","20.6","2141","94.1","94.39","6","38","44","0.3","6.36","115","150","116","146","301","321","301"
"81",669060,"Wilson, Bryse","625","13.0","0.056","0.056","0.071","0.111","0.098","0.311","0.261","1","18","94.8","11.0","1945","88.7","89.11","8","38","43","0.4","6.64","100","153","117","150","301","328","305"
"81",656222,"Beeks, Jalen","534","15.2","0.375","0.375","0.333","0.750","0.503","0.503","0.329","6","16","93.2","14.2","1996","92.1","92.44","9","32","49","0.3","6.62","102","150","114","148","298","318","295"
"80",598264,"Barnes, Matt","308","26.0","0.333","0.333","0.375","0.667","0.435","0.372","0.282","7","21","87.1","12.6","2058","87.1","87.74","7","40","40","0.6","6.81","113","149","113","147","292","326","292"
"80",641501,"Danish, Tyler","435","18.4","0.278","0.167","0.250","0.444","0.382","0.570","0.425","5","18","93.8","17.5","2050","85.3","83.63","4","33","47","-1.7","5.30","109","153","117","150","294","329","294"
"80",503285,"O'Day, Darren","311","25.7","0.294","0.059","0.385","0.353","0.289","0.245","0.234","5","17","83.9","20.8","2333","82.5","83.11","12","44","36","0.6","6.65","112","150","117","143","308","325","294"
"79",664776,"Cousins, Jake","168","47.0","0.286","0.286","0.429","0.571","0.424","0.417","0.252","4","14","82.4","14.4","2452","87.6","87.99","11","26","53","0.4","6.83","107","151","118","147","299","320","295"
"78",676879,"Ashby, Aaron","968","8.1","0.333","0.056","0.500","0.389","0.336","0.276","0.274","6","18","87.8","-5.2","2162","89.5","88.09","13","40","38","-1.4","5.56","107","150","115","146","293","317","293"
"77",614179,"Ruiz, José","591","13.0","0.278","0.278","0.444","0.556","0.371","0.372","0.264","5","18","94.5","10.6","2174","91.3","90.78","16","33","44","-0.5","5.99","108","147","107","143","292","320","297"
"76",571479,"Bellatti, Andrew","454","16.7","0.375","0.500","0.500","0.875","0.545","0.544","0.360","6","16","86.2","26.6","2394","89.4","88.73","14","31","45","-0.7","5.91","115","153","111","146","292","323","293"
"75",660761,"Suarez, José","591","12.7","0.263","0.158","0.333","0.421","0.315","0.222","0.163","5","19","88.4","13.2","2126","84.1","83.82","11","36","39","-0.3","6.17","114","153","114","153","300","322","294"
"75",607455,"Banda, Anthony","376","19.9","0.368","0.263","0.375","0.632","0.420","0.399","0.306","7","19","89.3","21.2","1863","88.6","88.28","4","36","39","-0.3","6.26","105","152","114","148","304","324","300"
"75",621383,"Banks, Tanner","553","13.6","0.077","0.000","0.125","0.077","0.215","0.242","0.098","1","13","91.3","9.9","2115","89.9","89.61","12","33","42","-0.3","5.86","107","152","111","145","298","328","300"
"75",650556,"Abreu, Bryan","486","15.4","0.200","0.267","0.333","0.467","0.369","0.364","0.210","3","15","93.7","18.3","2438","93.6","93.67","12","35","40","0.1","6.43","115","150","111","149","292","319","292"
"74",606424,"García, Jarlín","404","18.3","0.235","0.235","0.250","0.471","0.374","0.507","0.371","4","17","96.0","10.5","2166","86.5","86.62","8","32","42","0.1","6.39","105","144","106","143","281","314","289"
"73",468504,"Chacín, Jhoulys","538","13.6","0.273","0.045","0.316","0.318","0.296","0.360","0.273","6","22","92.3","9.6","2455","89.3","89.23","14","45","28","-0.1","5.96","109","151","121","146","310","335","304"
"72",572955,"Johnson, Pierce","138","52.2","0.333","0.083","0.667","0.417","0.399","0.324","0.231","4","12","97.7","0.0","2589","89.5","88.45","10","31","41","-1.1","5.76","106","161","127","150","296","322","302"
"72",489265,"Romo, Sergio","297","24.2","0.231","0.000","0.333","0.231","0.252","0.254","0.209","3","13","81.2","28.0","2494","80.9","80.56","12","34","38","-0.3","6.38","111","153","120","145","282","324","288"
"71",657508,"Baumann, Mike","216","32.9","0.333","0.067","0.417","0.400","0.384","0.454","0.360","5","15","90.3","-1.6","2288","93.4","93.44","8","26","45","0.0","6.45","100","154","110","145","304","318","293"
"71",676477,"Whitlock, Garrett","764","9.3","0.111","0.167","0.083","0.278","0.192","0.236","0.181","2","18","91.8","21.8","2021","91.0","92.35","13","36","35","1.4","7.23","116","160","121","152","295","339","295"
"71",656793,"Nelson, Nick","643","11.0","0.333","0.250","0.400","0.583","0.397","0.367","0.285","4","12","87.4","17.8","1999","91.9","91.60","12","28","43","-0.3","6.24","106","145","115","142","297","325","287"
"70",640462,"Puk, A.J.","520","13.5","0.294","0.176","0.385","0.471","0.383","0.439","0.371","5","17","85.0","2.7","2199","92.6","93.85","6","29","41","1.3","7.04","102","152","114","149","297","316","292"
"69",641729,"Jiménez, Joe","474","14.6","0.167","0.000","0.231","0.167","0.176","0.206","0.178","3","18","81.6","26.4","2406","93.1","93.81","8","37","32","0.7","6.87","105","154","115","152","297","326","296"
"69",605194,"Cotton, Jharel","335","20.6","0.250","0.583","0.125","0.833","0.486","0.469","0.257","3","12","92.1","30.1","2325","85.8","84.44","11","32","37","-1.4","5.41","107","157","115","149","300","326","287"
"68",656986,"Sousa, Bennett","365","18.6","0.267","0.067","0.286","0.333","0.296","0.424","0.373","4","15","93.2","20.1","2111","89.5","89.61","10","35","33","0.1","6.29","101","149","108","146","295","323","307"
"68",607237,"Garrett, Amir","364","18.7","0.167","0.000","0.200","0.167","0.260","0.348","0.246","2","12","87.7","15.0","2010","88.3","88.27","7","27","41","0.0","6.28","101","153","113","146","300","319","295"
"67",676714,"Hughes, Brandon","347","19.3","0.167","0.167","0.250","0.333","0.244","0.288","0.259","2","12","98.3","15.3","2294","87.1","86.80","9","32","35","-0.3","6.15","109","144","105","145","292","315","285"
"66",681799,"Roberts, Ethan","177","37.3","0.333","0.333","0.500","0.667","0.504","0.445","0.349","3","9","88.8","17.7","2687","91.4","91.61","5","28","38","0.2","6.28","109","151","119","154","296","321","294"
"66",518553,"Cishek, Steve","558","11.8","0.375","0.000","0.375","0.375","0.372","0.425","0.377","6","16","82.1","15.2","2302","85.6","87.43","1","25","41","1.8","7.58","109","146","109","140","304","316","289"
"66",650671,"Quijada, José","179","36.9","0.333","0.200","0.417","0.533","0.390","0.305","0.252","5","15","89.4","-1.8","2148","93.7","94.16","11","38","28","0.5","6.56","114","152","118","153","297","321","294"
"65",677865,"Bruihl, Justin","260","25.0","0.000","0.000","0.000","0.000","0.220","0.361","0.168","0","10","66.2","4.0","2314","85.5","86.17","7","29","36","0.7","6.73","109","153","111","148","289","316","295"
"65",657612,"Hill, Tim","316","20.6","0.188","0.000","0.188","0.188","0.188","0.241","0.221","3","16","86.5","-0.9","2068","88.7","89.07","3","28","37","0.4","6.89","110","152","112","150","294","320","296"
"65",656529,"Hentges, Sam","412","15.8","0.400","0.267","0.455","0.667","0.485","0.412","0.315","6","15","94.1","-6.8","2234","92.9","93.49","8","32","33","0.6","6.66","108","149","115","147","297","320","294"
"65",489334,"Stammen, Craig","511","12.7","0.294","0.588","0.222","0.882","0.491","0.415","0.289","5","17","93.2","23.8","2251","87.2","87.89","6","35","30","0.7","6.73","113","158","116","149","296","312","293"
"65",605151,"Bradley, Archie","305","21.3","0.231","0.000","0.375","0.231","0.269","0.275","0.227","3","13","88.5","-0.6","1998","89.7","89.99","8","30","35","0.3","6.63","102","144","107","144","297","323","293"
"64",676684,"Vest, Will","461","13.9","0.333","0.267","0.444","0.600","0.417","0.264","0.192","5","15","92.6","1.0","2144","90.4","90.09","12","32","32","-0.3","6.19","114","156","110","148","304","330","299"
"64",445926,"Chavez, Jesse","516","12.4","0.308","0.538","0.286","0.846","0.522","0.565","0.372","4","13","96.8","5.0","2131","89.1","89.37","9","29","35","0.3","6.18","111","157","117","152","304","325","302"
"64",670912,"Oviedo, Johan","300","21.3","0.214","0.071","0.300","0.286","0.248","0.207","0.186","3","14","81.9","5.7","2341","88.5","89.73","6","28","36","1.2","7.01","112","152","113","151","307","329","296"
"63",667376,"Sánchez, Miguel","211","29.9","0.154","0.000","0.154","0.154","0.164","0.277","0.285","2","13","79.8","-0.2","1796","89.8","89.62","9","33","30","-0.2","6.14","112","147","111","142","290","315","294"
"63",606930,"Barnes, Jacob","336","18.8","0.263","0.105","0.278","0.368","0.273","0.389","0.312","5","19","91.8","7.8","2307","90.8","91.59","6","34","29","0.8","6.70","112","158","117","151","306","328","298"
"63",680739,"Winder, Josh","554","11.4","0.333","0.556","0.286","0.889","0.527","0.644","0.376","3","9","94.6","24.6","1908","88.9","87.97","4","20","43","-0.9","5.75","110","148","112","146","296","319","287"
"63",641401,"Brogdon, Connor","285","22.1","0.313","0.000","0.333","0.313","0.277","0.299","0.252","5","16","83.9","11.5","2156","88.3","89.39","8","36","27","1.1","7.01","100","149","122","143","293","326","297"
"62",657240,"Merryweather, Julian","286","21.7","0.444","0.444","0.500","0.889","0.575","0.483","0.371","8","18","93.9","16.9","2079","92.1","92.47","8","42","20","0.4","6.62","110","172","121","150","297","323","302"
"61",606303,"Payamps, Joel","454","13.4","0.462","0.077","0.667","0.538","0.456","0.194","0.158","6","13","83.8","-2.1","2474","89.1","88.42","7","31","30","-0.7","5.93","110","150","116","147","302","321","297"
"61",656605,"Keller, Mitch","1238","4.9","0.273","0.091","0.429","0.364","0.367","0.380","0.229","3","11","87.6","5.7","2231","91.2","91.24","7","20","41","0.0","6.37","108","155","117","152","296","321","300"
"60",543238,"Gose, Anthony","362","16.6","0.133","0.200","0.143","0.333","0.197","0.307","0.194","2","15","92.9","22.1","2291","93.1","92.79","15","34","26","-0.3","6.06","113","149","111","146","281","307","287"
"60",664054,"Stashak, Cody","227","26.4","0.188","0.000","0.231","0.188","0.166","0.241","0.238","3","16","82.7","34.0","2182","86.4","85.69","7","30","30","-0.7","5.88","107","161","111","151","304","335","292"
"60",595881,"Beede, Tyler","479","12.5","0.267","0.133","0.400","0.400","0.334","0.269","0.215","4","15","85.0","7.1","1967","89.3","89.58","6","24","36","0.3","6.53","101","146","105","147","295","326","301"
"59",621366,"Borucki, Ryan","226","26.1","0.308","0.462","0.250","0.769","0.486","0.536","0.402","4","13","93.0","2.1","2237","91.2","91.61","3","23","36","0.4","6.63","102","151","118","147","295","317","291"
"58",663989,"Vespi, Nick","177","32.8","0.143","0.000","0.222","0.143","0.126","0.300","0.317","2","14","83.7","5.6","2427","84.0","83.08","15","35","23","-0.9","5.78","110","157","109","149","310","321","292"
"58",605488,"Springs, Jeffrey","940","6.2","0.091","0.000","0.167","0.091","0.174","0.186","0.102","1","11","83.7","24.7","1840","85.8","85.65","16","33","25","-0.2","6.49","110","155","117","150","300","325","304"
"58",621248,"Garza Jr., Ralph","419","13.8","0.333","0.467","0.250","0.800","0.524","0.522","0.363","5","15","86.9","14.1","2136","83.3","82.87","5","26","32","-0.4","6.06","102","152","113","147","302","324","291"
"58",641582,"Foster, Matt","524","11.1","0.231","0.077","0.333","0.308","0.266","0.291","0.264","3","13","83.6","23.8","2221","90.3","90.19","9","31","27","-0.1","6.24","107","144","107","142","291","315","296"
"56",545343,"Head, Louis","447","12.5","0.417","0.167","0.714","0.583","0.432","0.438","0.405","5","12","91.6","19.9","2449","87.2","87.11","12","29","27","-0.1","6.16","103","151","119","149","307","321","297"
"54",669276,"Lee, Dylan","224","24.1","0.267","0.200","0.231","0.467","0.315","0.417","0.368","4","15","90.1","13.1","2141","86.5","86.88","14","33","21","0.4","6.54","116","154","135","142","305","325","304"
"54",501625,"Álvarez, José","273","19.8","0.313","0.375","0.300","0.688","0.424","0.528","0.369","5","16","84.8","-8.8","1842","85.6","86.04","8","31","23","0.4","6.49","102","146","113","145","296","321","294"
"54",642130,"Taylor, Blake","305","17.7","0.182","0.273","0.125","0.455","0.304","0.285","0.227","2","11","90.3","6.4","2313","89.9","90.56","3","23","31","0.7","6.71","111","149","108","146","286","320","293"
"53",571670,"Floro, Dylan","296","17.9","0.400","0.067","0.500","0.467","0.379","0.296","0.304","6","15","89.2","5.3","2026","89.0","88.61","7","25","28","-0.4","6.35","100","147","116","149","296","312","284"
"53",669424,"Lambert, Jimmy","286","18.5","0.100","0.100","0.125","0.200","0.163","0.259","0.200","1","10","90.1","15.6","2270","89.3","88.58","7","29","24","-0.7","5.83","113","147","116","148","298","328","303"
"51",681810,"Warren, Austin","175","29.1","0.333","0.267","0.364","0.600","0.399","0.483","0.350","5","15","97.6","12.9","2361","90.7","90.89","1","20","31","0.2","6.41","120","153","116","152","296","325","294"
"51",668868,"Thompson, Zack","306","16.7","0.200","0.000","0.333","0.200","0.224","0.188","0.151","2","10","87.7","-16.3","2407","84.5","84.75","4","24","27","0.3","6.57","115","158","120","154","305","329","295"
"50",670036,"Festa, Matthew","372","13.4","0.300","0.000","0.429","0.300","0.339","0.277","0.203","3","10","82.1","22.9","2493","87.2","87.18","7","23","27","0.0","6.27","111","144","107","140","287","315","288"
"50",543056,"Coulombe, Danny","230","21.7","0.222","0.000","0.250","0.222","0.320","0.379","0.291","2","9","84.8","14.4","2418","85.1","83.94","5","23","27","-1.2","5.66","102","150","114","143","299","327","288"
"49",660787,"De Los Santos, Yerry","210","23.3","0.250","0.000","0.273","0.250","0.257","0.234","0.209","3","12","88.0","6.8","2157","89.0","89.72","1","21","28","0.7","6.70","111","157","110","150","296","321","299"
"49",664944,"Vieaux, Cam","137","35.8","0.333","0.111","0.600","0.444","0.404","0.344","0.212","3","9","82.7","16.2","2351","84.3","83.78","8","21","28","-0.5","5.94","111","148","111","149","299","327","298"
"47",608328,"De Jong, Chase","470","10.0","0.375","0.000","0.429","0.375","0.404","0.381","0.314","3","8","90.9","17.0","2457","87.9","87.20","4","21","26","-0.7","5.95","103","154","117","145","305","329","296"
"46",446321,"Detwiler, Ross","217","21.2","0.364","0.545","0.286","0.909","0.537","0.526","0.365","4","11","92.4","21.6","2130","89.4","88.41","1","20","26","-1.0","5.59","115","154","118","148","287","316","289"
"44",592390,"Hembree, Heath","301","14.6","0.111","0.333","0.000","0.444","0.276","0.238","0.099","1","9","81.2","38.0","2440","88.6","89.29","2","14","30","0.7","6.67","98","144","114","145","304","320","294"
"44",621016,"Cuas, Jose","204","21.6","0.182","0.091","0.222","0.273","0.271","0.361","0.251","2","11","71.2","-7.2","2460","89.5","89.56","7","22","22","0.1","6.51","103","155","112","145","302","321","291"
"44",594577,"Mayers, Mike","277","15.9","0.182","0.545","0.000","0.727","0.402","0.379","0.283","2","11","94.6","32.3","2204","89.7","89.18","2","17","27","-0.5","6.09","112","153","115","150","298","322","292"
"43",554431,"Matzek, Tyler","202","21.3","0.167","0.167","0.250","0.333","0.406","0.525","0.331","1","6","99.8","12.8","2433","93.5","93.32","8","18","25","-0.2","6.30","107","150","121","144","291","322","288"
"43",664092,"Poppen, Sean","336","12.8","0.250","0.167","0.250","0.417","0.290","0.331","0.238","3","12","90.2","30.3","2184","90.8","90.62","1","20","23","-0.2","6.27","101","146","115","142","303","325","301"
"42",642100,"Speier, Gabe","298","14.1","0.556","0.222","0.556","0.778","0.514","0.344","0.379","5","9","94.2","10.1","2044","88.3","87.83","3","17","25","-0.5","5.98","98","151","120","146","307","329","305"
"42",592804,"Thornburg, Tyler","362","11.6","0.333","0.500","0.200","0.833","0.558","0.459","0.232","2","6","88.4","19.2","2289","88.0","88.03","2","12","30","0.0","6.31","105","147","106","143","296","325","286"
"42",663558,"Moran, Jovani","237","17.7","0.167","0.000","0.500","0.167","0.329","0.357","0.211","1","6","76.9","14.5","2059","88.7","89.22","10","15","27","0.5","6.60","108","151","118","149","300","330","287"
"42",669912,"Snead, Kirby","255","16.5","0.333","0.250","0.333","0.583","0.416","0.382","0.302","4","12","83.8","-2.0","2637","85.8","85.41","3","17","25","-0.4","6.18","108","151","118","143","289","320","298"
"41",542881,"Anderson, Tyler","1155","3.5","0.273","0.000","0.333","0.273","0.241","0.303","0.330","3","11","83.3","18.0","2184","85.3","85.48","7","25","16","0.2","6.03","113","157","123","150","304","326","295"
"41",671790,"Bolaños, Ronald","332","12.3","0.273","0.000","0.333","0.273","0.281","0.304","0.274","3","11","93.4","-3.0","2211","88.4","89.28","2","15","26","0.9","6.63","103","148","112","146","311","333","307"
"40",543507,"May, Trevor","154","26.0","0.400","0.100","0.400","0.500","0.419","0.438","0.398","4","10","88.9","10.1","1977","92.3","93.41","2","20","20","1.1","7.07","105","149","106","134","297","326","309"
"40",663474,"McKenzie, Triston","1211","3.3","0.143","0.143","0.167","0.286","0.294","0.240","0.112","1","7","78.3","5.4","2223","89.7","90.69","1","15","25","1.0","6.88","109","154","118","149","307","326","299"
"40",682171,"Murfee, Penn","446","9.0","0.273","0.091","0.375","0.364","0.276","0.229","0.242","3","11","85.9","33.4","2469","84.6","84.40","4","24","16","-0.2","6.37","110","148","115","144","282","323","293"
"39",644364,"Arano, Víctor","369","10.6","0.273","0.000","0.375","0.273","0.241","0.172","0.172","3","11","88.0","-5.0","2313","88.9","88.73","6","19","20","-0.2","6.17","103","150","115","144","297","309","282"
"39",605195,"Crick, Kyle","279","14.0","0.000","0.000","0.000","0.000","0.086","0.241","0.161","0","7","79.1","26.4","2664","84.9","84.74","3","18","21","-0.2","6.22","108","152","110","146","295","326","297"
"39",542947,"Bleier, Richard","322","12.1","0.500","0.375","1.000","0.875","0.596","0.331","0.231","4","8","99.0","16.5","2015","86.0","86.66","5","22","17","0.7","6.64","105","147","113","149","301","317","297"
"39",621295,"Wittgren, Nick","481","8.1","0.222","0.000","0.222","0.222","0.286","0.496","0.367","2","9","88.3","14.0","2002","86.9","87.77","1","14","25","0.9","6.82","115","153","109","148","295","321","294"
"39",663531,"Allen, Logan","164","23.8","0.250","0.000","0.286","0.250","0.318","0.394","0.334","2","8","91.7","8.9","2088","85.1","84.39","4","18","21","-0.7","5.77","102","150","108","149","299","318","298"
"39",592761,"Smith, Caleb","682","5.7","0.167","0.000","0.167","0.167","0.365","0.383","0.168","1","6","81.1","-4.0","2274","87.0","85.94","2","15","24","-1.1","5.77","106","149","118","147","298","319","292"
"38",607229,"Gsellman, Robert","207","18.4","0.333","0.083","0.400","0.417","0.326","0.272","0.251","4","12","82.3","-1.4","2023","90.2","89.95","8","19","19","-0.2","6.29","104","149","109","147","297","308","282"
"38",676534,"Faucher, Calvin","238","16.0","0.300","0.400","0.250","0.700","0.446","0.608","0.401","3","10","93.5","21.3","2650","89.8","88.61","5","18","20","-1.2","5.62","120","160","113","152","309","325","297"
"38",676831,"Whitley, Kodi","272","14.0","0.000","0.000","0.000","0.000","0.086","0.172","0.108","0","7","85.7","9.6","2038","88.7","88.82","4","24","14","0.1","6.39","108","153","115","149","300","328","305"
"38",621114,"Burr, Ryan","149","25.5","0.111","0.333","0.000","0.444","0.276","0.415","0.330","1","9","96.1","21.0","2257","90.6","91.52","5","21","17","0.9","6.77","113","153","106","145","297","323","303"
"37",622075,"Almonte, Yency","278","13.3","0.250","0.083","0.375","0.333","0.253","0.139","0.145","3","12","79.2","6.3","2361","87.9","88.61","8","23","14","0.7","6.62","111","155","118","148","300","321","286"
"37",664161,"Swarmer, Matt","527","7.0","0.000","0.000","0.000","0.000","0.115","0.186","0.063","0","5","76.1","14.0","2146","84.6","84.38","5","16","21","-0.2","6.09","110","152","116","153","310","328","308"
"37",671345,"Foley, Jason","387","9.6","0.300","0.000","0.333","0.300","0.266","0.387","0.349","3","10","87.1","-0.1","2128","93.9","94.31","4","22","15","0.4","6.51","105","158","114","152","311","327","287"
"36",541640,"Ramírez, Erasmo","537","6.7","0.417","0.250","0.400","0.667","0.467","0.422","0.372","5","12","91.3","12.1","2324","89.6","89.87","3","18","18","0.3","6.45","107","152","115","145","306","318","292"
"36",642232,"Yarbrough, Ryan","590","6.1","0.300","0.300","0.333","0.600","0.384","0.268","0.205","3","10","68.8","17.6","1955","81.2","81.15","7","19","17","-0.1","6.34","98","152","110","147","305","330","291"
"36",676760,"Marinaccio, Ron","328","11.0","0.000","0.000","0.000","0.000","0.077","0.096","0.022","0","8","82.7","28.4","2220","87.7","88.05","5","18","18","0.4","6.60","116","148","116","150","293","320","276"
"36",664948,"Misiewicz, Anthony","234","15.4","0.250","0.125","0.333","0.375","0.353","0.372","0.253","2","8","87.0","21.7","2517","86.6","86.01","6","19","17","-0.6","5.90","113","153","115","146","288","317","283"
"35",669270,"Kuhnel, Joel","317","11.0","0.222","0.333","0.143","0.556","0.364","0.424","0.339","2","9","91.5","-1.5","2181","91.7","92.94","4","18","17","1.2","7.00","114","149","114","151","299","325","295"
"35",623451,"Stephens, Jackson","434","8.1","0.333","0.222","0.500","0.556","0.379","0.288","0.311","3","9","81.4","15.0","2231","87.7","86.75","6","18","17","-1.0","5.78","109","148","108","151","302","329","302"
"34",621074,"Rucker, Michael","342","9.9","0.286","0.286","0.500","0.571","0.434","0.420","0.229","2","7","93.6","15.0","2354","89.2","88.99","6","16","18","-0.2","6.19","110","147","112","155","288","311","293"
"34",642231,"Yacabonis, Jimmy","107","31.8","0.500","0.833","0.667","1.333","0.754","0.723","0.436","3","6","103.8","27.5","2478","88.7","87.84","1","6","28","-0.9","5.96","106","153","112","150","301","314","284"
"34",621593,"Castro, Anthony","191","17.8","0.429","0.429","0.400","0.857","0.566","0.432","0.260","3","7","81.6","18.2","2468","87.7","88.63","4","19","15","0.9","6.82","112","165","127","149","297","323","291"
"34",663465,"Allard, Kolby","204","16.7","0.375","0.500","0.400","0.875","0.545","0.563","0.418","3","8","90.1","3.0","2061","88.6","88.26","4","14","20","-0.3","6.16","116","156","124","144","303","322","299"
"33",656730,"Megill, Trevor","187","17.6","0.125","0.375","0.000","0.500","0.306","0.380","0.228","1","8","94.8","14.0","2532","89.5","89.76","5","18","15","0.3","6.48","102","149","110","145","295","322","287"
"33",456034,"Price, David","293","11.3","0.250","0.500","0.200","0.750","0.447","0.406","0.256","2","8","84.2","35.0","1897","87.6","87.30","3","16","17","-0.3","6.05","110","155","126","152","293","311","294"
"33",623485,"Goudeau, Ashton","375","8.8","0.333","0.111","0.429","0.444","0.372","0.399","0.355","3","9","95.5","4.7","1951","86.5","86.76","5","20","13","0.3","6.37","108","148","121","146","303","328","306"
"32",592866,"Williams, Trevor","706","4.5","0.444","0.111","0.500","0.556","0.435","0.226","0.248","4","9","73.2","16.8","2117","88.2","88.63","2","14","18","0.4","6.91","103","143","109","143","296","322","292"
"31",675921,"Howard, Spencer","139","22.3","0.333","0.500","0.333","0.833","0.492","0.586","0.384","2","6","100.1","17.0","2205","89.3","89.61","5","13","18","0.3","6.51","111","151","124","149","302","322","302"
"31",670990,"Ramirez, Yohan","198","15.7","0.333","0.667","0.500","1.000","0.589","0.509","0.300","2","6","98.3","28.3","2256","88.3","89.26","5","14","17","1.0","6.85","105","141","100","140","295","308","283"
"31",656546,"Hoffman, Jeff","679","4.6","0.167","0.000","0.250","0.167","0.225","0.313","0.262","1","6","90.2","1.0","2342","89.1","89.65","4","12","19","0.5","6.51","118","157","125","141","293","321","294"
"31",656458,"Gilbreath, Lucas","386","8.0","0.333","0.000","0.500","0.333","0.398","0.357","0.259","2","6","79.5","-13.0","2356","92.2","92.24","5","13","18","0.0","6.23","99","151","122","145","309","327","297"
"30",656061,"Abreu, Albert","326","9.2","0.000","0.000","0.000","0.000","0.099","0.225","0.147","0","6","81.8","22.3","2106","93.0","93.00","3","10","20","0.0","6.47","117","158","122","150","298","321","296"
"30",607457,"Barraclough, Kyle","139","21.6","0.200","0.000","0.500","0.200","0.370","0.513","0.303","1","5","104.2","18.5","2455","85.8","85.42","6","10","20","-0.4","6.35","107","148","110","143","299","325","293"
"30",519008,"McFarland, T.J.","416","7.2","0.250","0.000","0.333","0.250","0.378","0.545","0.481","1","4","94.9","16.7","1862","86.6","85.08","3","13","17","-1.5","5.49","114","143","108","143","290","319","297"
"29",596112,"Stephenson, Robert","401","7.2","0.222","0.111","0.250","0.333","0.284","0.303","0.249","2","9","94.9","14.4","2730","88.9","88.66","3","15","14","-0.2","6.18","113","152","118","147","299","323","300"
"29",658551,"Fernández, Junior","104","27.9","0.000","0.000","0.000","0.000","0.000","0.201","0.186","0","7","75.2","-15.1","2062","93.6","94.08","3","14","15","0.5","6.53","110","153","115","150","311","328","299"
"29",594311,"Gustave, Jandel","290","10.0","0.000","0.000","0.000","0.000","0.000","0.017","0.017","0","6","73.7","38.5","2365","91.2","90.11","4","15","14","-1.1","5.80","116","154","121","146","295","314","298"
"29",657424,"Gage, Matt","149","19.5","0.250","0.000","0.333","0.250","0.177","0.113","0.150","1","4","67.6","33.3","2209","90.3","90.54","2","15","14","0.2","6.36","107","137","117","137","289","310","292"
"28",669674,"Long, Sam","440","6.4","0.333","0.500","0.250","0.833","0.492","0.580","0.449","2","6","86.7","-6.7","2280","84.0","83.48","1","10","18","-0.5","6.01","112","159","116","151","298","317","291"
"27",664875,"Lawrence, Justin","265","10.2","0.750","0.000","0.750","0.750","0.673","0.518","0.477","3","4","86.6","15.0","2402","89.5","88.92","1","9","18","-0.6","6.03","98","150","116","147","307","322","290"
"27",608371,"Sims, Lucas","129","20.9","0.400","0.000","1.000","0.400","0.410","0.397","0.350","2","5","93.7","16.5","2588","87.8","86.53","3","7","20","-1.3","5.66","115","144","109","144","279","318","291"
"25",607391,"Mazza, Chris","135","18.5","0.250","0.750","0.000","1.000","0.600","0.613","0.326","1","4","96.3","23.3","2144","83.8","84.52","2","13","12","0.7","6.90","104","146","104","142","301","322","291"
"25",667297,"Nance, Tommy","361","6.9","0.500","0.000","1.000","0.500","0.443","0.341","0.372","3","6","67.2","1.7","2588","88.1","88.15","3","8","17","0.1","6.21","100","145","121","147","301","327","295"
"25",665001,"Kelley, Trevor","374","6.7","0.625","0.750","0.667","1.375","0.837","0.401","0.282","5","8","83.1","13.1","2308","86.5","86.76","2","11","14","0.3","6.73","101","143","114","142","301","320","303"
"24",592826,"Velasquez, Vince","766","3.1","0.250","0.000","0.250","0.250","0.321","0.431","0.356","1","4","88.9","16.3","2398","88.9","89.40","1","9","15","0.5","6.45","106","144","112","140","299","328","286"
"24",656686,"Martin, Corbin","269","8.9","0.000","0.000","0.000","0.000","0.173","0.425","0.297","0","3","96.3","18.0","2236","91.3","91.17","2","10","14","-0.1","6.28","100","149","125","145","306","315","289"
"23",643400,"Knight, Dusten","102","22.5","0.000","0.000","0.000","0.000","0.000","0.375","0.228","0","4","67.5","20.0","1563","79.3","79.28","2","10","13","0.0","6.32","106","137","99","134","295","310","273"
"23",641360,"Bickford, Phil","371","6.2","0.333","0.000","0.333","0.333","0.295","0.159","0.111","2","6","84.9","17.0","2346","90.5","91.34","2","14","9","0.8","6.84","99","154","122","148","300","315","285"
"21",643410,"Leiter Jr., Mark","415","5.1","0.200","0.200","0.200","0.400","0.283","0.335","0.275","1","5","97.0","14.8","2017","83.7","84.13","4","11","10","0.4","6.66","106","147","105","151","300","320","298"
"21",607179,"Weems, Jordan","153","13.7","1.000","3.000",,"4.000","1.149","0.747","0.483","1","1","99.3","31.0","1967","89.5","90.02","0","9","12","0.5","6.62","122","165","117","145","285","324","296"
"20",665665,"Sanmartin, Reiver","458","4.4","0.333","0.000","0.500","0.333","0.295","0.190","0.192","1","3","68.9","-11.5","2513","87.3","86.82","2","7","13","-0.5","6.24","128","151","109","154","295","324","306"
"20",572070,"Richards, Garrett","433","4.6","0.500","0.250","0.500","0.750","0.567","0.424","0.341","2","4","77.4","20.3","2178","90.6","90.06","0","10","10","-0.5","5.94","112","152","111","147","296","322","297"
"20",663559,"Falter, Bailey","394","5.1","0.286","0.143","0.400","0.429","0.307","0.308","0.311","2","7","89.2","22.4","1893","88.0","89.76","2","9","11","1.8","7.26","108","149","103","149","289","322","289"
"20",664042,"Lakins Sr., Travis","208","9.6","1.000","1.333","1.000","2.333","1.226","0.992","0.758","3","3","103.2","13.3","2584","90.2","89.25","2","9","11","-0.9","5.88","95","145","113","140","318","322","292"
"20",518748,"Grimm, Justin","277","7.2","0.333","0.111","0.429","0.444","0.337","0.377","0.368","3","9","86.4","23.6","2301","84.7","85.11","4","13","7","0.4","6.79","113","152","111","150","292","317","307"
"20",676050,"Naughton, Packy","251","8.0","0.000","0.000","0.000","0.000","0.173","0.209","0.054","0","3","80.9","-19.5","1922","88.1","87.14","3","6","14","-1.0","5.78","104","155","111","150","305","331","298"
"19",621368,"Hearn, Taylor","1119","1.7","0.000","0.000","0.000","0.000","0.276","0.386","0.164","0","3","96.6","-2.5","2227","91.4","91.24","2","4","15","-0.2","6.34","116","151","110","148","297","299","291"
"19",622250,"Sborz, Josh","208","9.1","0.400","0.800","0.333","1.200","0.670","0.618","0.366","2","5","97.8","25.5","2274","93.6","92.65","2","8","11","-0.9","5.88","114","156","119","149","305","325","299"
"18",605507,"Thompson, Zach","941","1.9","0.250","0.000","0.333","0.250","0.315","0.445","0.417","1","4","78.3","6.3","2333","89.4","89.01","4","10","8","-0.4","6.17","106","151","116","149","299","330","298"
"18",669022,"Gore, MacKenzie","1022","1.8","0.000","0.000","0.000","0.000","0.000","0.178","0.188","0","5","71.6","25.8","2064","90.1","90.79","3","10","8","0.7","6.81","115","158","116","151","291","317","292"
"18",667465,"Fletcher, Aaron","173","10.4","0.750","0.500","1.000","1.250","0.819","0.509","0.445","3","4","104.0","10.0","1954","82.8","81.46","4","9","9","-1.3","5.64","105","154","116","147","308","321","300"
"18",607359,"Patton, Spencer","111","16.2","0.250","0.000","0.250","0.250","0.315","0.415","0.339","1","4","88.8","34.8","1869","86.9","86.62","2","8","10","-0.3","6.22","105","157","122","149","297","314","295"
"18",642770,"Guerra, Javy","161","11.2","0.000","0.000","0.000","0.000","0.173","0.522","0.506","0","3","94.0","4.0","2078","94.7","93.38","1","9","9","-1.3","5.75","116","156","126","151","309","324","304"
"17",643316,"Fry, Paul","232","7.3","0.167","0.000","0.200","0.167","0.148","0.318","0.303","1","6","95.5","-6.6","2594","86.4","85.78","3","10","7","-0.6","6.10","114","160","111","152","303","319","286"
"17",642545,"Barría, Jaime","547","3.1","0.200","0.000","0.200","0.200","0.177","0.197","0.202","1","5","84.8","7.2","2128","87.0","86.56","1","8","9","-0.4","6.04","118","148","115","147","296","315","298"
"17",658431,"Medina, Adonis","270","6.3","0.000","0.000","0.000","0.000","0.000","0.131","0.143","0","3","95.6","24.0","2322","90.6","90.05","2","9","8","-0.6","6.04","109","154","120","144","303","314","308"
"17",670124,"Oller, Adam","468","3.6","0.000","0.000","0.000","0.000","0.173","0.193","0.029","0","3","83.2","30.3","2190","93.4","93.33","2","8","9","-0.1","6.38","97","145","108","145","301","321","291"
"16",527055,"Vizcaíno, Arodys","115","13.9","0.000","0.000","0.000","0.000","0.000","0.134","0.100","0","3","73.3","-21.0","2231","90.9","90.14","1","7","9","-0.8","5.79","97","144","119","148","297","317","314"
"15",607259,"Martinez, Nick","1112","1.3","0.200","0.600","0.000","0.800","0.413","0.376","0.273","1","5","83.6","9.2","2121","85.8","84.97","1","8","7","-0.8","5.96","102","150","102","151","295","334","313"
"15",606131,"Perdomo, Luis","124","12.1","0.200","0.000","0.200","0.200","0.177","0.305","0.315","1","5","82.2","-4.4","1855","91.7","91.69","1","9","6","0.0","6.28","111","146","116","149","290","320","296"
"14",664299,"Javier, Cristian","1196","1.2","0.000","0.000","0.000","0.000","0.000","0.436","0.227","0","3","95.2","35.0","2407","86.0","85.19","1","6","8","-0.8","5.96","123","163","113","153","286","319","302"
"14",656786,"Mushinski, Parker","107","13.1","0.667","0.333","0.667","1.000","0.716","0.834","0.687","2","3","89.8","24.0","2541","83.7","83.71","1","9","5","0.0","6.49","120","154","111","147","287","322","289"
"14",656657,"Logue, Zach","449","3.1","0.500","0.000","0.500","0.500","0.525","0.390","0.262","1","2","89.9","29.5","1964","85.3","84.18","0","3","11","-1.1","5.79","101","149","106","151","305","313","284"
"14",592473,"Kolarek, Adam","319","4.4","0.333","1.000","0.000","1.333","0.689","0.523","0.272","1","3","89.0","7.5","2098","85.3","85.44","0","7","7","0.1","6.65","117","157","122","154","305","321","297"
"13",641302,"Alexander, Tyler","376","3.5","0.250","0.000","0.250","0.250","0.221","0.451","0.475","1","4","90.0","1.8","2287","86.4","86.42","0","6","7","0.0","6.35","115","149","106","147","300","325","304"
"13",617228,"Sawamura, Hirokazu","414","3.1","0.250","0.000","0.333","0.250","0.221","0.258","0.247","1","4","59.9","17.0","2090","92.2","91.92","4","8","5","-0.3","6.28","84","143","102","143","298","331","294"
"13",606625,"Moronta, Reyes","211","6.2","0.000","0.000","0.000","0.000","0.000","0.071","0.078","0","3","99.8","-22.0","2383","88.6","88.98","2","8","5","0.4","6.52","117","155","122","148","303","325","291"
"13",666974,"Cano, Yennier","236","5.5","0.000","0.000","0.000","0.000","0.000","0.153","0.169","0","4","76.1","0.0","2253","90.9","89.94","0","4","9","-1.0","5.81","107","152","108","145","292","323","287"
"13",656849,"Peterson, David","982","1.3","0.000","0.000","0.000","0.000","0.173","0.294","0.179","0","3","79.1","-3.3","1969","88.7","89.91","0","5","8","1.2","7.14","94","150","113","145","312","325","296"
"13",670810,"Gillaspie, Logan","172","7.6","0.667","0.000","0.667","0.667","0.623","0.642","0.642","2","3","83.3","2.7","2033","88.9","88.93","0","6","7","0.0","6.37","107","160","116","151","303","320","283"
"13",621219,"Mills, Alec","295","4.4","0.333","0.000","0.333","0.333","0.295","0.573","0.497","1","3","100.4","19.3","2305","83.4","82.72","0","5","8","-0.7","5.94","112","153","120","149","301","315","277"
"12",543548,"Milone, Tommy","115","10.4","0.333","1.000","0.000","1.333","0.689","0.748","0.448","1","3","80.4","-18.0","1965","82.2","81.67","1","6","6","-0.5","6.00","111","153","120","143","285","323","286"
"12",659275,"Lamet, Dinelson","169","7.1","0.500","0.000","0.500","0.500","0.536","0.312","0.116","1","2","91.2","17.5","2316","89.0","87.98","0","4","8","-1.0","5.84","113","151","113","146","274","306","288"
"12",676664,"Sears, JP","188","6.4","0.000","0.000","0.000","0.000","0.230","0.445","0.169","0","2","98.0","32.0","2231","89.3","89.18","1","3","9","-0.1","6.49","109","149","108","151","300","328","301"
"12",548389,"Stripling, Ross","934","1.3","0.250","0.000","0.333","0.250","0.221","0.219","0.239","1","4","73.6","-16.0","1955","83.2","82.62","4","10","2","-0.6","6.02","95","148","112","149","286","307","297"
"11",596082,"Reed, Jake","111","9.9","0.000","0.000","0.000","0.000","0.000","0.004","0.005","0","2","89.3","41.0","2427","83.9","81.85","1","4","7","-2.0","5.20","116","151","121","140","303","327","301"
"10",656803,"Norwood, James","370","2.7","0.333","1.000","0.000","1.333","0.689","0.685","0.355","1","3","91.5","45.0","2068","94.2","94.35","1","6","4","0.2","6.44","119","152","162","129","296","324","293"
"9",642028,"Rogers, Josh","419","2.1","0.000","0.000","0.000","0.000","0.000","0.080","0.088","0","2","65.9","-12.3","2006","85.8","85.53","0","5","4","-0.3","6.18","95","143","91","137","281","316","291"
"9",661440,"Llovera, Mauricio","162","5.6","0.000","0.000","0.000","0.000","0.000","0.297","0.320","0","3","91.6","-3.7","2133","93.0","93.13","0","5","4","0.1","6.37","119","152","109","154","295","322","293"
"9",661527,"Martinez, Seth","256","3.5","0.500","1.500",,"2.000","1.033","0.866","0.486","1","2","61.5","8.0","2384","84.1","85.33","2","6","3","1.2","6.89","82","131","90","132","279","301","262"
"9",670059,"Holderman, Colin","163","5.5","0.333","0.000","0.500","0.333","0.295","0.178","0.191","1","3","88.1","1.0","2223","90.7","90.76","0","3","6","0.1","6.40","106","152","117","140","299","320","308"
"9",650911,"Sánchez, Cristopher","265","3.4","0.000","0.000","0.000","0.000","0.000","0.280","0.276","0","3","84.3","17.3","2002","91.6","92.64","0","6","3","1.0","6.88","102","147","85","149","288","314","285"
"8",666818,"Frías, Luis","142","5.6","0.000","0.000","0.000","0.000","0.000","0.057","0.050","0","2","85.6","38.5","2271","89.9","89.18","1","4","4","-0.7","6.18","86","147","124","141","296","318","307"
"8",570488,"Valdez, Phillips","229","3.5","0.000","0.000","0.000","0.000","0.471","0.539","0.097","0","1","92.4","33.0","2031","89.1","89.49","0","1","7","0.4","6.83","99","145","112","153","286","336","306"
"5",656629,"Kopech, Michael","1139","0.4",,,,,,,,,,,,"2485","89.7","90.54","0","0","5","0.8","6.72","113","152","120","146","297","337","314"
"5",596133,"Weaver, Luke","219","2.3","0.500","0.000","0.500","0.500","0.443","0.376","0.399","1","2","94.6","35.5","2093","88.2","87.08","0","2","3","-1.1","5.54","118","151","117","149","283","314","286"
"5",641447,"Castano, Daniel","331","1.5","1.000","1.000","1.000","2.000","1.262","0.513","0.566","1","1","64.5","-28.5","2082","83.5","83.02","0","2","3","-0.5","6.06","90","113","96","118","293","301","287"
"4",547001,"Poteet, Cody","400","1.0","0.000","0.000",,"0.000","0.000","0.000",,"0","1",,,"2206","92.8","92.33","2","2","2","-0.5","5.93","87","145","121","153","303","327","290"
"4",607755,"Vasquez, Andrew","118","3.4","0.000","0.000","0.000","0.000","0.000","0.070","0.076","0","1","65.9","-10.0","2473","79.0","78.45","1","2","2","-0.5","6.23","123","151","106","153","281","324","315"
"4",571927,"Matz, Steven","677","0.6",,,,,,,,,,,,"2126","89.7","89.78","0","1","3","0.1","6.18","117","156","117","151","320","326","294"
"3",669952,"White, Mitch","568","0.5","0.000","0.000","0.000","0.000","0.000","0.116","0.129","0","1","88.6","-18.0","2149","85.6","85.83","0","1","2","0.2","6.37","85","150","93","149","290","319","301"
"3",456501,"Cueto, Johnny","819","0.4","1.000","1.500","1.000","2.500","1.476","1.252","0.840","2","2","103.8","22.5","2174","87.8","87.00","0","2","1","-0.8","5.50","94","145","88","142","300","331","296"
"3",572125,"Selman, Sam","139","2.2","1.000","1.000","1.000","2.000","1.262","0.786","0.737","1","1","100.5","14.0","2280","86.5","87.10","1","2","1","0.6","6.57","109","125","119","151","287","316","291"
"1",656731,"Megill, Tylor","695","0.1",,,,,,,,,,,,"2110","92.5","93.70","1","1","0","1.2","7.40","118","142","111","143","290","328","301"
"1",606273,"Elías, Roenis","114","0.9","1.000","3.000",,"4.000","2.067","1.304","0.840","1","1","109.4","19.0","2348","92.4","91.00","0","1","0","-1.4","5.60","129","151","103","155","285","330","297"